Fecha;cod_ine;CCAA;Casos;PCR+;TestAc+;Hospitalizados;UCI;Fallecidos;Recuperados
20/02/2020;1;Andalucia;;;;;;;
20/02/2020;2;Aragon;;;;;;;
20/02/2020;3;Asturias;;;;;;;
20/02/2020;4;Baleares;1;;;;;;
20/02/2020;5;Canarias;1;;;;;;
20/02/2020;6;Cantabria;;;;;;;
20/02/2020;8;Castilla La Mancha;;;;;;;
20/02/2020;7;Castilla y Leon;0;;;;;;
20/02/2020;9;Cataluna;0;;;;;;
20/02/2020;18;Ceuta;;;;;;;
20/02/2020;10;C. Valenciana;;;;26;0;;
20/02/2020;11;Extremadura;;;;;;;
20/02/2020;12;Galicia;;;;;;;
20/02/2020;13;Madrid;;0;;;;;
20/02/2020;19;Melilla;;;;;;;
20/02/2020;14;Murcia;;;;;;;
20/02/2020;15;Navarra;;;;;;;
20/02/2020;16;Pais Vasco;;;;;;;
20/02/2020;17;La Rioja;;;;;;;
21/02/2020;1;Andalucia;;;;;;;
21/02/2020;2;Aragon;;;;;;;
21/02/2020;3;Asturias;;;;;;;
21/02/2020;4;Baleares;1;;;;;;
21/02/2020;5;Canarias;1;;;;;;
21/02/2020;6;Cantabria;;;;;;;
21/02/2020;8;Castilla La Mancha;;;;;;;
21/02/2020;7;Castilla y Leon;0;;;;;;
21/02/2020;9;Cataluna;0;;;;;;
21/02/2020;18;Ceuta;;;;;;;
21/02/2020;10;C. Valenciana;;;;30;1;;
21/02/2020;11;Extremadura;;;;;;;
21/02/2020;12;Galicia;;;;;;;
21/02/2020;13;Madrid;;0;;;;;
21/02/2020;19;Melilla;;;;;;;
21/02/2020;14;Murcia;;;;;;;
21/02/2020;15;Navarra;;;;;;;
21/02/2020;16;Pais Vasco;;;;;;;
21/02/2020;17;La Rioja;;;;;;;
22/02/2020;1;Andalucia;;;;;;;
22/02/2020;2;Aragon;;;;;;;
22/02/2020;3;Asturias;;;;;;;
22/02/2020;4;Baleares;1;;;;;;
22/02/2020;5;Canarias;1;;;;;;
22/02/2020;6;Cantabria;;;;;;;
22/02/2020;8;Castilla La Mancha;;;;;;;
22/02/2020;7;Castilla y Leon;0;;;;;;
22/02/2020;9;Cataluna;0;;;;;;
22/02/2020;18;Ceuta;;;;;;;
22/02/2020;10;C. Valenciana;;;;33;1;;
22/02/2020;11;Extremadura;;;;;;;
22/02/2020;12;Galicia;;;;;;;
22/02/2020;13;Madrid;;0;;;;;
22/02/2020;19;Melilla;;;;;;;
22/02/2020;14;Murcia;;;;;;;
22/02/2020;15;Navarra;;;;;;;
22/02/2020;16;Pais Vasco;;;;;;;
22/02/2020;17;La Rioja;;;;;;;
23/02/2020;1;Andalucia;;;;;;;
23/02/2020;2;Aragon;;;;;;;
23/02/2020;3;Asturias;;;;;;;
23/02/2020;4;Baleares;1;;;;;;
23/02/2020;5;Canarias;1;;;;;;
23/02/2020;6;Cantabria;;;;;;;
23/02/2020;8;Castilla La Mancha;;;;;;;
23/02/2020;7;Castilla y Leon;0;;;;;;
23/02/2020;9;Cataluna;0;;;;;;
23/02/2020;18;Ceuta;;;;;;;
23/02/2020;10;C. Valenciana;;;;38;2;;
23/02/2020;11;Extremadura;;;;;;;
23/02/2020;12;Galicia;;;;;;;
23/02/2020;13;Madrid;;0;;;;;
23/02/2020;19;Melilla;;;;;;;
23/02/2020;14;Murcia;;;;;;;
23/02/2020;15;Navarra;;;;;;;
23/02/2020;16;Pais Vasco;;;;;;;
23/02/2020;17;La Rioja;;;;;;;
24/02/2020;1;Andalucia;;;;;;;
24/02/2020;2;Aragon;;;;;;;
24/02/2020;3;Asturias;;;;;;;
24/02/2020;4;Baleares;1;;;;;;
24/02/2020;5;Canarias;2;;;;;;
24/02/2020;6;Cantabria;;;;;;;
24/02/2020;8;Castilla La Mancha;;;;;;;
24/02/2020;7;Castilla y Leon;0;;;;;;
24/02/2020;9;Cataluna;0;;;;;;
24/02/2020;18;Ceuta;;;;;;;
24/02/2020;10;C. Valenciana;;;;49;2;;
24/02/2020;11;Extremadura;;;;;;;
24/02/2020;12;Galicia;;;;;;;
24/02/2020;13;Madrid;;0;;;;;
24/02/2020;19;Melilla;;;;;;;
24/02/2020;14;Murcia;;;;;;;
24/02/2020;15;Navarra;;;;;;;
24/02/2020;16;Pais Vasco;;;;;;;
24/02/2020;17;La Rioja;;;;;;;
25/02/2020;1;Andalucia;;0;;;;;
25/02/2020;2;Aragon;;;;;;;
25/02/2020;3;Asturias;;;;;;;
25/02/2020;4;Baleares;1;;;;;;
25/02/2020;5;Canarias;5;;;;;;
25/02/2020;6;Cantabria;;;;;;;
25/02/2020;8;Castilla La Mancha;;;;;;;
25/02/2020;7;Castilla y Leon;0;;;;;;
25/02/2020;9;Cataluna;1;;;;;;
25/02/2020;18;Ceuta;;;;;;;
25/02/2020;10;C. Valenciana;1;;;58;2;;
25/02/2020;11;Extremadura;;;;;;;
25/02/2020;12;Galicia;;;;;;;
25/02/2020;13;Madrid;;1;;;;;
25/02/2020;19;Melilla;;;;;;;
25/02/2020;14;Murcia;;;;;;;
25/02/2020;15;Navarra;;;;;;;
25/02/2020;16;Pais Vasco;;;;;;;
25/02/2020;17;La Rioja;;;;;;;
26/02/2020;1;Andalucia;;1;;;;;
26/02/2020;2;Aragon;;;;;;;
26/02/2020;3;Asturias;;;;;;;
26/02/2020;4;Baleares;1;;;;;;
26/02/2020;5;Canarias;6;;;;;;
26/02/2020;6;Cantabria;;;;;;;
26/02/2020;8;Castilla La Mancha;;;;;;;
26/02/2020;7;Castilla y Leon;0;;;;;;
26/02/2020;9;Cataluna;2;;;;;;
26/02/2020;18;Ceuta;;;;;;;
26/02/2020;10;C. Valenciana;2;;;63;3;;
26/02/2020;11;Extremadura;;;;;;;
26/02/2020;12;Galicia;;;;;;;
26/02/2020;13;Madrid;;5;;;;;
26/02/2020;19;Melilla;;;;;;;
26/02/2020;14;Murcia;;;;;;;
26/02/2020;15;Navarra;;;;;;;
26/02/2020;16;Pais Vasco;;;;;;;
26/02/2020;17;La Rioja;;;;;;;
27/02/2020;1;Andalucia;;6;;;;;
27/02/2020;2;Aragon;;;;;;;
27/02/2020;3;Asturias;;;;;;;
27/02/2020;4;Baleares;1;;;;;;
27/02/2020;5;Canarias;6;;;;;;
27/02/2020;6;Cantabria;;;;;;;
27/02/2020;8;Castilla La Mancha;;;;;;;
27/02/2020;7;Castilla y Leon;0;;;;;;
27/02/2020;9;Cataluna;3;;;;;;
27/02/2020;18;Ceuta;;;;;;;
27/02/2020;10;C. Valenciana;8;;;73;3;;
27/02/2020;11;Extremadura;;;;;;;
27/02/2020;12;Galicia;;;;;;;
27/02/2020;13;Madrid;;9;;;;;
27/02/2020;19;Melilla;;;;;;;
27/02/2020;14;Murcia;;;;;;;
27/02/2020;15;Navarra;;;;;;;
27/02/2020;16;Pais Vasco;;;;;;;
27/02/2020;17;La Rioja;;;;;;;
28/02/2020;1;Andalucia;;8;;;;;
28/02/2020;2;Aragon;;;;;;;
28/02/2020;3;Asturias;;;;;;;
28/02/2020;4;Baleares;2;;;;;;
28/02/2020;5;Canarias;6;;;;;;
28/02/2020;6;Cantabria;;;;;;;
28/02/2020;8;Castilla La Mancha;;;;;;;
28/02/2020;7;Castilla y Leon;2;;;;;;
28/02/2020;9;Cataluna;5;;;;;;
28/02/2020;18;Ceuta;;;;;;;
28/02/2020;10;C. Valenciana;10;;;78;3;;
28/02/2020;11;Extremadura;;;;;;;
28/02/2020;12;Galicia;;;;;;;
28/02/2020;13;Madrid;;19;;;;;
28/02/2020;19;Melilla;;;;;;;
28/02/2020;14;Murcia;;;;;;;
28/02/2020;15;Navarra;;;;;;;
28/02/2020;16;Pais Vasco;2;;;;;;
28/02/2020;17;La Rioja;;;;;;;
29/02/2020;1;Andalucia;;12;;;;;
29/02/2020;2;Aragon;;;;;;;
29/02/2020;3;Asturias;1;;;;;;
29/02/2020;4;Baleares;2;;;;;;
29/02/2020;5;Canarias;7;;;;;;
29/02/2020;6;Cantabria;1;;;;;;
29/02/2020;8;Castilla La Mancha;1;;;;;;
29/02/2020;7;Castilla y Leon;2;;;;;;
29/02/2020;9;Cataluna;6;;;;;;
29/02/2020;18;Ceuta;;;;;;;
29/02/2020;10;C. Valenciana;15;;;85;3;;
29/02/2020;11;Extremadura;4;;;;;;
29/02/2020;12;Galicia;;;;;;;
29/02/2020;13;Madrid;;26;;;;;
29/02/2020;19;Melilla;;;;;;;
29/02/2020;14;Murcia;;;;;;;
29/02/2020;15;Navarra;1;;;;;;
29/02/2020;16;Pais Vasco;3;;;;;;
29/02/2020;17;La Rioja;;;;;;;
01/03/2020;1;Andalucia;;12;;;;;
01/03/2020;2;Aragon;;;;;;;
01/03/2020;3;Asturias;1;;;;;;
01/03/2020;4;Baleares;2;;;;;;
01/03/2020;5;Canarias;7;;;;;;
01/03/2020;6;Cantabria;10;;;;;;
01/03/2020;8;Castilla La Mancha;3;;;;;;
01/03/2020;7;Castilla y Leon;2;;;;;;
01/03/2020;9;Cataluna;15;;;;;;
01/03/2020;18;Ceuta;;;;;;;
01/03/2020;10;C. Valenciana;15;;;88;3;;
01/03/2020;11;Extremadura;6;;;;;;
01/03/2020;12;Galicia;;;;;;;
01/03/2020;13;Madrid;;51;;;;;
01/03/2020;19;Melilla;;;;;;;
01/03/2020;14;Murcia;;;;;;;
01/03/2020;15;Navarra;1;;;;;;
01/03/2020;16;Pais Vasco;9;;;;;;
01/03/2020;17;La Rioja;1;;;;;;
02/03/2020;1;Andalucia;;12;;;;;
02/03/2020;2;Aragon;0;;;;;;
02/03/2020;3;Asturias;1;;;;;;
02/03/2020;4;Baleares;2;;;;;;
02/03/2020;5;Canarias;7;;;;;;
02/03/2020;6;Cantabria;10;;;;;;
02/03/2020;8;Castilla La Mancha;7;;;;;;
02/03/2020;7;Castilla y Leon;7;;;;;;
02/03/2020;9;Cataluna;15;;;;;;
02/03/2020;18;Ceuta;0;;;;;;
02/03/2020;10;C. Valenciana;15;;;93;3;;
02/03/2020;11;Extremadura;6;;;;;;
02/03/2020;12;Galicia;0;;;;;;
02/03/2020;13;Madrid;;93;;;;;
02/03/2020;19;Melilla;0;;;;;;
02/03/2020;14;Murcia;0;;;;;;
02/03/2020;15;Navarra;1;;;;;;
02/03/2020;16;Pais Vasco;13;;;;;;
02/03/2020;17;La Rioja;3;;;;;;
03/03/2020;1;Andalucia;;12;;;;;
03/03/2020;2;Aragon;0;;;;;;
03/03/2020;3;Asturias;2;;;;;;
03/03/2020;4;Baleares;5;;;;;;
03/03/2020;5;Canarias;7;;;;;;
03/03/2020;6;Cantabria;10;;;;;;
03/03/2020;8;Castilla La Mancha;12;;;;;;
03/03/2020;7;Castilla y Leon;8;;;;;;
03/03/2020;9;Cataluna;15;;;;;;
03/03/2020;18;Ceuta;0;;;;;;
03/03/2020;10;C. Valenciana;19;;;105;5;;
03/03/2020;11;Extremadura;6;;;;;;
03/03/2020;12;Galicia;1;;;;;;
03/03/2020;13;Madrid;;139;;;;;
03/03/2020;19;Melilla;0;;;;;;
03/03/2020;14;Murcia;0;;;;;;
03/03/2020;15;Navarra;3;;;;;;
03/03/2020;16;Pais Vasco;17;;;;;;
03/03/2020;17;La Rioja;7;;;;;;
04/03/2020;1;Andalucia;;12;;;;;
04/03/2020;2;Aragon;1;;;;;;
04/03/2020;3;Asturias;5;;;;;;
04/03/2020;4;Baleares;6;;;;;;
04/03/2020;5;Canarias;8;;;;;;
04/03/2020;6;Cantabria;10;;;;;;
04/03/2020;8;Castilla La Mancha;13;;;;;;
04/03/2020;7;Castilla y Leon;12;;;;;;
04/03/2020;9;Cataluna;24;;;;;;
04/03/2020;18;Ceuta;0;;;;;;
04/03/2020;10;C. Valenciana;19;;;117;6;;
04/03/2020;11;Extremadura;6;;;;;;
04/03/2020;12;Galicia;1;;;;;;
04/03/2020;13;Madrid;;193;;;;;
04/03/2020;19;Melilla;0;;;;;;
04/03/2020;14;Murcia;0;;;;;;
04/03/2020;15;Navarra;3;;;;;;
04/03/2020;16;Pais Vasco;17;;;;;;
04/03/2020;17;La Rioja;11;;;;;;
05/03/2020;1;Andalucia;;21;;;;;
05/03/2020;2;Aragon;6;;;;;;
05/03/2020;3;Asturias;5;;;;;;
05/03/2020;4;Baleares;6;;;;;;
05/03/2020;5;Canarias;11;;;;;;
05/03/2020;6;Cantabria;10;;;;;;
05/03/2020;8;Castilla La Mancha;15;;;;;;
05/03/2020;7;Castilla y Leon;13;;;;;;
05/03/2020;9;Cataluna;24;;;;;;
05/03/2020;18;Ceuta;0;;;;;;
05/03/2020;10;C. Valenciana;30;;;130;8;;
05/03/2020;11;Extremadura;6;;;;;;
05/03/2020;12;Galicia;3;;;;;;
05/03/2020;13;Madrid;;305;;;;;
05/03/2020;19;Melilla;0;;;;;;
05/03/2020;14;Murcia;0;;;;;;
05/03/2020;15;Navarra;3;;;;;;
05/03/2020;16;Pais Vasco;45;;;;;;
05/03/2020;17;La Rioja;29;;;;;;
06/03/2020;1;Andalucia;;27;;;;;
06/03/2020;2;Aragon;11;;;;;;
06/03/2020;3;Asturias;5;;;;;;
06/03/2020;4;Baleares;6;;;;;;
06/03/2020;5;Canarias;11;;;;;;
06/03/2020;6;Cantabria;10;;;;;;
06/03/2020;8;Castilla La Mancha;15;;;;;;
06/03/2020;7;Castilla y Leon;14;;;;;;
06/03/2020;9;Cataluna;24;;;;;;
06/03/2020;18;Ceuta;0;;;;;;
06/03/2020;10;C. Valenciana;30;;;138;8;;
06/03/2020;11;Extremadura;6;;;;;;
06/03/2020;12;Galicia;3;;;;;;
06/03/2020;13;Madrid;;508;;;;;
06/03/2020;19;Melilla;0;;;;;;
06/03/2020;14;Murcia;0;;;;;;
06/03/2020;15;Navarra;3;;;;;;
06/03/2020;16;Pais Vasco;45;;;;;;
06/03/2020;17;La Rioja;39;;;;;;
07/03/2020;1;Andalucia;;34;;;;;
07/03/2020;2;Aragon;11;;;;;;
07/03/2020;3;Asturias;7;;;;;;
07/03/2020;4;Baleares;8;;;;;;
07/03/2020;5;Canarias;17;;;;;;
07/03/2020;6;Cantabria;12;;;;;;
07/03/2020;8;Castilla La Mancha;15;;;;;;
07/03/2020;7;Castilla y Leon;21;;;;;;
07/03/2020;9;Cataluna;49;;;;;;
07/03/2020;18;Ceuta;0;;;;;;
07/03/2020;10;C. Valenciana;37;;;146;9;;
07/03/2020;11;Extremadura;6;;;;;;
07/03/2020;12;Galicia;5;;;;;;
07/03/2020;13;Madrid;;729;;;;;
07/03/2020;19;Melilla;0;;;;;;
07/03/2020;14;Murcia;1;;;;;;
07/03/2020;15;Navarra;3;;;;;;
07/03/2020;16;Pais Vasco;70;;;;;;
07/03/2020;17;La Rioja;55;;;;;;
08/03/2020;1;Andalucia;;54;;;1;0;11
08/03/2020;2;Aragon;13;;;;3;3;
08/03/2020;3;Asturias;7;;;;2;0;
08/03/2020;4;Baleares;11;;;;1;0;2
08/03/2020;5;Canarias;22;;;;0;0;4
08/03/2020;6;Cantabria;12;;;;0;0;
08/03/2020;8;Castilla La Mancha;26;;;;2;0;2
08/03/2020;7;Castilla y Leon;30;;;;2;0;
08/03/2020;9;Cataluna;59;;;16;5;2;2
08/03/2020;18;Ceuta;0;;;;0;0;
08/03/2020;10;C. Valenciana;37;;;153;9;1;1
08/03/2020;11;Extremadura;7;;;;0;0;1
08/03/2020;12;Galicia;6;;;;2;0;
08/03/2020;13;Madrid;;992;;;53;16;
08/03/2020;19;Melilla;0;;;;0;0;
08/03/2020;14;Murcia;4;;;;0;0;
08/03/2020;15;Navarra;3;;;;1;0;
08/03/2020;16;Pais Vasco;149;;;;5;6;2
08/03/2020;17;La Rioja;81;;;;1;0;
09/03/2020;1;Andalucia;;71;;;1;0;11
09/03/2020;2;Aragon;38;;;;3;4;0
09/03/2020;3;Asturias;22;;;;2;0;1
09/03/2020;4;Baleares;13;;;;1;0;3
09/03/2020;5;Canarias;25;;;;1;0;5
09/03/2020;6;Cantabria;12;;;;0;0;
09/03/2020;8;Castilla La Mancha;39;;;;3;0;2
09/03/2020;7;Castilla y Leon;40;;;;2;0;
09/03/2020;9;Cataluna;82;;;31;7;2;5
09/03/2020;18;Ceuta;;;;;0;0;
09/03/2020;10;C. Valenciana;50;;;171;10;1;1
09/03/2020;11;Extremadura;8;;;;0;0;1
09/03/2020;12;Galicia;22;;;;2;0;
09/03/2020;13;Madrid;;1495;;;77;21;109
09/03/2020;19;Melilla;;;;;0;0;
09/03/2020;14;Murcia;9;;;;0;0;
09/03/2020;15;Navarra;12;;;;2;0;
09/03/2020;16;Pais Vasco;195;;;;5;6;2
09/03/2020;17;La Rioja;144;;;;1;1;
10/03/2020;1;Andalucia;;90;;32;3;0;11
10/03/2020;2;Aragon;45;;;22;3;4;0
10/03/2020;3;Asturias;32;;;12;2;0;1
10/03/2020;4;Baleares;16;;;8;1;0;1
10/03/2020;5;Canarias;37;;;10;1;0;5
10/03/2020;6;Cantabria;12;;;0;0;0;0
10/03/2020;8;Castilla La Mancha;71;;;0;5;0;2
10/03/2020;7;Castilla y Leon;64;;;14;2;0;0
10/03/2020;9;Cataluna;123;;;50;8;3;6
10/03/2020;18;Ceuta;0;;;0;0;0;0
10/03/2020;10;C. Valenciana;65;;;200;12;1;1
10/03/2020;11;Extremadura;9;;;2;1;1;1
10/03/2020;12;Galicia;35;;;7;2;0;0
10/03/2020;13;Madrid;;2198;;0;102;31;157
10/03/2020;19;Melilla;0;;;0;0;0;0
10/03/2020;14;Murcia;11;;;4;0;0;0
10/03/2020;15;Navarra;46;;;10;3;0;0
10/03/2020;16;Pais Vasco;225;;;102;15;6;2
10/03/2020;17;La Rioja;179;;;13;1;2;1
11/03/2020;1;Andalucia;;115;;50;4;0;11
11/03/2020;2;Aragon;64;;;28;3;6;0
11/03/2020;3;Asturias;47;;;12;2;1;1
11/03/2020;4;Baleares;22;;;8;2;1;1
11/03/2020;5;Canarias;51;;;15;3;0;5
11/03/2020;6;Cantabria;16;;;3;0;0;6
11/03/2020;8;Castilla La Mancha;115;;;39;9;1;2
11/03/2020;7;Castilla y Leon;71;;;24;2;0;0
11/03/2020;9;Cataluna;202;;;74;16;6;12
11/03/2020;18;Ceuta;0;;;0;0;0;0
11/03/2020;10;C. Valenciana;76;;;232;15;1;1
11/03/2020;11;Extremadura;19;;;2;1;1;3
11/03/2020;12;Galicia;35;;;7;2;0;0
11/03/2020;13;Madrid;;2921;;0;135;56;157
11/03/2020;19;Melilla;0;;;0;0;0;0
11/03/2020;14;Murcia;26;;;5;1;0;0
11/03/2020;15;Navarra;73;;;17;3;0;0
11/03/2020;16;Pais Vasco;346;;;146;18;11;1
11/03/2020;17;La Rioja;205;;;21;1;2;1
12/03/2020;1;Andalucia;;219;;92;8;0;0
12/03/2020;2;Aragon;80;;;30;3;7;0
12/03/2020;3;Asturias;67;;;16;2;1;1
12/03/2020;4;Baleares;28;;;9;2;1;1
12/03/2020;5;Canarias;70;;;15;3;0;5
12/03/2020;6;Cantabria;29;;;3;0;0;7
12/03/2020;8;Castilla La Mancha;194;;;78;10;5;1
12/03/2020;7;Castilla y Leon;92;;;25;4;0;1
12/03/2020;9;Cataluna;349;;;137;22;9;19
12/03/2020;18;Ceuta;0;;;0;0;0;0
12/03/2020;10;C. Valenciana;94;;;271;22;1;2
12/03/2020;11;Extremadura;39;;;3;1;1;3
12/03/2020;12;Galicia;85;;;15;2;0;0
12/03/2020;13;Madrid;;3703;;1304;180;81;157
12/03/2020;19;Melilla;2;;;3;0;0;0
12/03/2020;14;Murcia;35;;;8;2;0;0
12/03/2020;15;Navarra;130;;;28;4;0;0
12/03/2020;16;Pais Vasco;417;;;179;20;14;2
12/03/2020;17;La Rioja;243;;;27;2;3;1
13/03/2020;1;Andalucia;;269;;92;8;2;0
13/03/2020;2;Aragon;121;;;42;5;7;0
13/03/2020;3;Asturias;92;;;16;2;1;1
13/03/2020;4;Baleares;28;;;9;2;1;1
13/03/2020;5;Canarias;90;;;15;6;1;7
13/03/2020;6;Cantabria;31;;;3;0;0;7
13/03/2020;8;Castilla La Mancha;289;;;78;10;6;5
13/03/2020;7;Castilla y Leon;169;;;25;8;1;2
13/03/2020;9;Cataluna;558;;;200;29;13;32
13/03/2020;18;Ceuta;0;;;0;0;0;0
13/03/2020;10;C. Valenciana;130;;;307;29;4;2
13/03/2020;11;Extremadura;66;;;3;1;2;4
13/03/2020;12;Galicia;115;;;32;7;0;3
13/03/2020;13;Madrid;;4643;;1518;180;86;474
13/03/2020;19;Melilla;3;;;3;0;0;0
13/03/2020;14;Murcia;47;;;8;2;0;0
13/03/2020;15;Navarra;146;;;28;4;0;0
13/03/2020;16;Pais Vasco;521;;;179;22;14;5
13/03/2020;17;La Rioja;278;;;38;2;3;1
14/03/2020;1;Andalucia;;437;;92;8;6;0
14/03/2020;2;Aragon;147;;;59;5;7;0
14/03/2020;3;Asturias;137;;;16;3;1;1
14/03/2020;4;Baleares;42;;;9;2;1;1
14/03/2020;5;Canarias;109;;;15;6;1;7
14/03/2020;6;Cantabria;51;;;3;0;0;10
14/03/2020;8;Castilla La Mancha;401;;;78;10;10;5
14/03/2020;7;Castilla y Leon;223;;;45;8;3;3
14/03/2020;9;Cataluna;742;;;287;40;15;39
14/03/2020;18;Ceuta;1;;;0;0;0;0
14/03/2020;10;C. Valenciana;409;;;339;37;5;2
14/03/2020;11;Extremadura;95;;;8;1;2;4
14/03/2020;12;Galicia;195;;;32;8;2;4
14/03/2020;13;Madrid;;5541;;2337;253;213;474
14/03/2020;19;Melilla;8;;;4;0;0;0
14/03/2020;14;Murcia;71;;;13;2;0;0
14/03/2020;15;Navarra;183;;;34;4;0;0
14/03/2020;16;Pais Vasco;630;;;262;29;23;5
14/03/2020;17;La Rioja;300;;;58;7;3;1
15/03/2020;1;Andalucia;;554;;197;11;7;0
15/03/2020;2;Aragon;174;;;64;7;11;0
15/03/2020;3;Asturias;177;;;16;3;1;3
15/03/2020;4;Baleares;73;;;21;4;1;1
15/03/2020;5;Canarias;119;;;40;9;1;7
15/03/2020;6;Cantabria;58;;;18;2;0;10
15/03/2020;8;Castilla La Mancha;567;;;207;23;17;12
15/03/2020;7;Castilla y Leon;292;;;45;8;6;5
15/03/2020;9;Cataluna;1017;;;375;52;20;45
15/03/2020;18;Ceuta;1;;;0;0;0;0
15/03/2020;10;C. Valenciana;409;;;390;47;5;2
15/03/2020;11;Extremadura;111;;;9;1;2;4
15/03/2020;12;Galicia;245;;;49;9;2;4
15/03/2020;13;Madrid;;6353;;2337;253;213;474
15/03/2020;19;Melilla;8;;;4;0;0;0
15/03/2020;14;Murcia;77;;;13;2;0;1
15/03/2020;15;Navarra;274;;;58;5;1;0
15/03/2020;16;Pais Vasco;630;;;262;29;23;5
15/03/2020;17;La Rioja;312;;;64;13;4;2
16/03/2020;1;Andalucia;;683;;229;13;11;0
16/03/2020;2;Aragon;207;;;74;9;12;0
16/03/2020;3;Asturias;193;;;34;5;1;3
16/03/2020;4;Baleares;92;;;26;4;1;1
16/03/2020;5;Canarias;148;;;56;13;2;8
16/03/2020;6;Cantabria;58;;;18;2;0;10
16/03/2020;8;Castilla La Mancha;567;;;207;23;17;12
16/03/2020;7;Castilla y Leon;431;;;95;24;12;5
16/03/2020;9;Cataluna;1414;;;525;73;23;58
16/03/2020;18;Ceuta;1;;;0;0;0;0
16/03/2020;10;C. Valenciana;541;;;456;52;13;12
16/03/2020;11;Extremadura;153;;;18;2;3;5
16/03/2020;12;Galicia;292;;;49;9;3;7
16/03/2020;13;Madrid;;7612;;3710;340;355;951
16/03/2020;19;Melilla;17;;;4;0;0;0
16/03/2020;14;Murcia;97;;;18;3;0;1
16/03/2020;15;Navarra;313;;;72;10;2;0
16/03/2020;16;Pais Vasco;765;;;309;33;36;11
16/03/2020;17;La Rioja;355;;;82;13;5;2
17/03/2020;1;Andalucia;;859;;319;21;19;38
17/03/2020;2;Aragon;226;;;81;9;13;0
17/03/2020;3;Asturias;242;;;45;5;1;4
17/03/2020;4;Baleares;112;;;29;4;1;4
17/03/2020;5;Canarias;181;;;73;17;3;8
17/03/2020;6;Cantabria;68;;;25;3;1;10
17/03/2020;8;Castilla La Mancha;675;;;277;29;28;15
17/03/2020;7;Castilla y Leon;668;;;281;43;22;5
17/03/2020;9;Cataluna;1866;;;679;101;33;79
17/03/2020;18;Ceuta;1;;;0;0;0;0
17/03/2020;10;C. Valenciana;726;;;530;65;22;16
17/03/2020;11;Extremadura;194;;;27;3;6;6
17/03/2020;12;Galicia;341;;;63;12;3;7
17/03/2020;13;Madrid;;9558;;3778;491;390;951
17/03/2020;19;Melilla;20;;;4;0;0;0
17/03/2020;14;Murcia;122;;;22;4;0;1
17/03/2020;15;Navarra;386;;;93;10;3;0
17/03/2020;16;Pais Vasco;973;;;353;37;40;14
17/03/2020;17;La Rioja;419;;;99;13;5;2
18/03/2020;1;Andalucia;;1008;;384;25;23;33
18/03/2020;2;Aragon;281;;;101;14;15;0
18/03/2020;3;Asturias;292;;;61;6;1;4
18/03/2020;4;Baleares;169;;;31;7;2;6
18/03/2020;5;Canarias;220;;;82;23;3;9
18/03/2020;6;Cantabria;83;;;40;4;1;10
18/03/2020;8;Castilla La Mancha;801;;;313;37;42;27
18/03/2020;7;Castilla y Leon;868;;;362;54;29;27
18/03/2020;9;Cataluna;2702;;;825;118;53;103
18/03/2020;18;Ceuta;1;;;0;0;0;0
18/03/2020;10;C. Valenciana;921;;;647;85;24;19
18/03/2020;11;Extremadura;241;;;36;3;8;6
18/03/2020;12;Galicia;453;;;100;15;4;4
18/03/2020;13;Madrid;;11307;;5168;590;498;941
18/03/2020;19;Melilla;23;;;4;0;0;0
18/03/2020;14;Murcia;167;;;36;6;0;1
18/03/2020;15;Navarra;482;;;132;11;4;0
18/03/2020;16;Pais Vasco;1190;;;455;44;53;18
18/03/2020;17;La Rioja;468;;;121;15;5;2
19/03/2020;1;Andalucia;;1287;;501;38;30;36
19/03/2020;2;Aragon;360;;;127;28;17;0
19/03/2020;3;Asturias;344;;;87;7;2;12
19/03/2020;4;Baleares;203;;;48;10;2;10
19/03/2020;5;Canarias;287;;;115;25;4;9
19/03/2020;6;Cantabria;144;;;61;7;1;10
19/03/2020;8;Castilla La Mancha;1044;;;313;37;42;27
19/03/2020;7;Castilla y Leon;1147;;;476;69;43;37
19/03/2020;9;Cataluna;3270;;;994;175;93;147
19/03/2020;18;Ceuta;5;;;0;0;0;0
19/03/2020;10;C. Valenciana;1105;;;777;101;33;20
19/03/2020;11;Extremadura;297;;;44;4;10;7
19/03/2020;12;Galicia;578;;;138;19;5;5
19/03/2020;13;Madrid;;13351;;6338;678;628;1186
19/03/2020;19;Melilla;24;;;5;1;0;0
19/03/2020;14;Murcia;204;;;47;11;0;1
19/03/2020;15;Navarra;554;;;172;19;5;1
19/03/2020;16;Pais Vasco;1465;;;550;53;71;21
19/03/2020;17;La Rioja;497;;;122;15;7;13
20/03/2020;1;Andalucia;;1515;;605;53;40;36
20/03/2020;2;Aragon;424;;;192;33;22;0
20/03/2020;3;Asturias;486;;;133;12;5;16
20/03/2020;4;Baleares;246;;;60;14;4;11
20/03/2020;5;Canarias;348;;;139;29;7;7
20/03/2020;6;Cantabria;215;;;92;9;2;11
20/03/2020;8;Castilla La Mancha;1423;;;635;65;84;38
20/03/2020;7;Castilla y Leon;1466;;;629;85;55;54
20/03/2020;9;Cataluna;4203;;;1681;271;122;192
20/03/2020;18;Ceuta;5;;;0;0;0;0
20/03/2020;10;C. Valenciana;1363;;;947;129;50;25
20/03/2020;11;Extremadura;354;;;65;6;12;8
20/03/2020;12;Galicia;739;;;168;29;9;6
20/03/2020;13;Madrid;;15675;;7388;767;804;1542
20/03/2020;19;Melilla;25;;;8;1;0;0
20/03/2020;14;Murcia;240;;;61;14;1;1
20/03/2020;15;Navarra;664;;;222;25;9;1
20/03/2020;16;Pais Vasco;1725;;;654;71;85;165
20/03/2020;17;La Rioja;564;;;128;17;15;18
21/03/2020;1;Andalucia;;1725;;724;55;47;38
21/03/2020;2;Aragon;532;;;241;45;24;3
21/03/2020;3;Asturias;545;;;171;15;8;20
21/03/2020;4;Baleares;331;;;79;14;4;17
21/03/2020;5;Canarias;414;;;150;32;9;7
21/03/2020;6;Cantabria;282;;;116;9;5;11
21/03/2020;8;Castilla La Mancha;1819;;;838;76;112;48
21/03/2020;7;Castilla y Leon;1744;;;798;106;74;89
21/03/2020;9;Cataluna;5046;;;1917;290;143;247
21/03/2020;18;Ceuta;5;;;0;0;0;0
21/03/2020;10;C. Valenciana;1604;;;1136;152;69;30
21/03/2020;11;Extremadura;384;;;87;8;14;8
21/03/2020;12;Galicia;915;;;227;35;12;16
21/03/2020;13;Madrid;;17345;;8441;834;1021;1899
21/03/2020;19;Melilla;25;;;12;1;0;0
21/03/2020;14;Murcia;296;;;78;16;1;1
21/03/2020;15;Navarra;794;;;288;30;14;4
21/03/2020;16;Pais Vasco;2097;;;988;81;97;216
21/03/2020;17;La Rioja;654;;;134;17;18;18
22/03/2020;1;Andalucia;;1961;;865;77;58;50
22/03/2020;2;Aragon;638;;;298;52;32;30
22/03/2020;3;Asturias;594;;;194;22;12;21
22/03/2020;4;Baleares;400;;;87;27;10;18
22/03/2020;5;Canarias;481;;;172;32;11;7
22/03/2020;6;Cantabria;347;;;157;14;6;11
22/03/2020;8;Castilla La Mancha;2078;;;1547;142;145;51
22/03/2020;7;Castilla y Leon;2055;;;977;120;102;117
22/03/2020;9;Cataluna;5747;;;2158;308;199;402
22/03/2020;18;Ceuta;6;;;0;0;0;0
22/03/2020;10;C. Valenciana;1901;;;1311;181;94;36
22/03/2020;11;Extremadura;493;;;131;13;18;6
22/03/2020;12;Galicia;1208;;;270;47;18;19
22/03/2020;13;Madrid;;18846;;9561;942;1263;2063
22/03/2020;19;Melilla;28;;;12;1;0;0
22/03/2020;14;Murcia;345;;;80;23;2;1
22/03/2020;15;Navarra;886;;;339;40;24;7
22/03/2020;16;Pais Vasco;2421;;;1252;92;120;283
22/03/2020;17;La Rioja;747;;;166;22;22;18
23/03/2020;1;Andalucia;;2470;;1132;102;87;66
23/03/2020;2;Aragon;758;;;384;66;37;3
23/03/2020;3;Asturias;662;;;224;23;22;30
23/03/2020;4;Baleares;478;;;127;35;10;19
23/03/2020;5;Canarias;557;;;207;36;16;8
23/03/2020;6;Cantabria;425;;;200;16;9;12
23/03/2020;8;Castilla La Mancha;2465;;;1826;182;216;53
23/03/2020;7;Castilla y Leon;2460;;;1197;137;124;140
23/03/2020;9;Cataluna;7864;;;3209;471;293;631
23/03/2020;18;Ceuta;6;;;0;0;0;0
23/03/2020;10;C. Valenciana;2167;;;1562;222;115;37
23/03/2020;11;Extremadura;636;;;161;20;26;8
23/03/2020;12;Galicia;1415;;;338;55;20;19
23/03/2020;13;Madrid;;21508;;10443;1050;1535;2291
23/03/2020;19;Melilla;28;;;12;1;0;0
23/03/2020;14;Murcia;385;;;99;26;3;1
23/03/2020;15;Navarra;1014;;;405;45;31;11
23/03/2020;16;Pais Vasco;2728;;;1425;106;133;344
23/03/2020;17;La Rioja;802;;;206;24;30;24
24/03/2020;1;Andalucia;;3008;;1433;116;113;71
24/03/2020;2;Aragon;907;;;459;75;40;4
24/03/2020;3;Asturias;779;;;263;29;25;35
24/03/2020;4;Baleares;562;;;164;40;13;28
24/03/2020;5;Canarias;657;;;235;43;21;15
24/03/2020;6;Cantabria;510;;;241;18;14;12
24/03/2020;8;Castilla La Mancha;2780;;;2162;210;263;71
24/03/2020;7;Castilla y Leon;2940;;;1457;170;165;213
24/03/2020;9;Cataluna;9937;;;4349;713;385;961
24/03/2020;18;Ceuta;9;;;2;1;0;0
24/03/2020;10;C. Valenciana;2616;;;1842;255;143;44
24/03/2020;11;Extremadura;742;;;209;28;39;8
24/03/2020;12;Galicia;1653;;;412;69;27;25
24/03/2020;13;Madrid;;24371;;11153;1150;1825;3031
24/03/2020;19;Melilla;38;;;14;2;0;0
24/03/2020;14;Murcia;477;;;127;33;5;4
24/03/2020;15;Navarra;1197;;;506;51;33;23
24/03/2020;16;Pais Vasco;3271;;;1577;119;155;466
24/03/2020;17;La Rioja;928;;;254;33;37;43
25/03/2020;1;Andalucia;;3404;;1626;134;134;77
25/03/2020;2;Aragon;1116;;;562;93;48;4
25/03/2020;3;Asturias;841;;;300;34;27;40
25/03/2020;4;Baleares;660;;;205;43;17;39
25/03/2020;5;Canarias;784;;;279;45;24;18
25/03/2020;6;Cantabria;671;;;300;26;17;14
25/03/2020;8;Castilla La Mancha;3383;;;2162;243;316;95
25/03/2020;7;Castilla y Leon;3488;;;1823;202;206;308
25/03/2020;9;Cataluna;11592;;;5371;764;501;1008
25/03/2020;18;Ceuta;10;;;2;2;0;0
25/03/2020;10;C. Valenciana;3200;;;2097;289;167;57
25/03/2020;11;Extremadura;969;;;241;34;58;24
25/03/2020;12;Galicia;1915;;;503;86;32;47
25/03/2020;13;Madrid;;27307;;12440;1221;2090;3882
25/03/2020;19;Melilla;39;;;16;2;1;0
25/03/2020;14;Murcia;596;;;172;36;8;9
25/03/2020;15;Navarra;1411;;;649;54;49;35
25/03/2020;16;Pais Vasco;3946;;;1907;137;180;621
25/03/2020;17;La Rioja;995;;;316;36;43;48
26/03/2020;1;Andalucia;;3790;;1843;148;144;92
26/03/2020;2;Aragon;1338;;;693;114;58;8
26/03/2020;3;Asturias;900;;;339;47;29;52
26/03/2020;4;Baleares;755;;;237;46;22;67
26/03/2020;5;Canarias;878;;;328;61;27;20
26/03/2020;6;Cantabria;810;;;355;29;21;19
26/03/2020;8;Castilla La Mancha;3934;;;2707;273;367;153
26/03/2020;7;Castilla y Leon;4132;;;2214;228;252;423
26/03/2020;9;Cataluna;12940;;;6714;972;685;1482
26/03/2020;18;Ceuta;17;;;2;2;0;0
26/03/2020;10;C. Valenciana;3532;;;2357;325;198;73
26/03/2020;11;Extremadura;1231;;;277;41;69;33
26/03/2020;12;Galicia;2322;;;557;98;43;67
26/03/2020;13;Madrid;;30673;;13580;1312;2412;5044
26/03/2020;19;Melilla;42;;;18;2;1;0
26/03/2020;14;Murcia;714;;;209;53;15;12
26/03/2020;15;Navarra;1641;;;732;75;58;70
26/03/2020;16;Pais Vasco;4601;;;2270;154;207;814
26/03/2020;17;La Rioja;1236;;;388;43;55;62
27/03/2020;1;Andalucia;;4271;;2106;172;175;139
27/03/2020;2;Aragon;1592;;;835;124;93;8
27/03/2020;3;Asturias;1004;;;408;50;33;65
27/03/2020;4;Baleares;862;;;283;59;26;80
27/03/2020;5;Canarias;1025;;;377;68;36;25
27/03/2020;6;Cantabria;937;;;406;37;22;21
27/03/2020;8;Castilla La Mancha;4512;;;2977;289;448;197
27/03/2020;7;Castilla y Leon;4791;;;2648;249;321;585
27/03/2020;9;Cataluna;14263;;;7954;1036;827;1717
27/03/2020;18;Ceuta;17;;;2;2;1;0
27/03/2020;10;C. Valenciana;4034;;;2606;348;234;92
27/03/2020;11;Extremadura;1394;;;312;40;88;49
27/03/2020;12;Galicia;2772;;;906;112;47;95
27/03/2020;13;Madrid;;33027;;14211;1404;2757;6326
27/03/2020;19;Melilla;45;;;22;2;1;0
27/03/2020;14;Murcia;802;;;231;58;17;12
27/03/2020;15;Navarra;1829;;;827;84;70;98
27/03/2020;16;Pais Vasco;5136;;;2612;176;241;1023
27/03/2020;17;La Rioja;1436;;;458;43;65;364
28/03/2020;1;Andalucia;;4676;;2294;201;207;148
28/03/2020;2;Aragon;1858;;;835;124;104;8
28/03/2020;3;Asturias;1088;;;466;57;41;76
28/03/2020;4;Baleares;958;;;345;71;29;82
28/03/2020;5;Canarias;1125;;;425;78;39;30
28/03/2020;6;Cantabria;1023;;;449;40;26;24
28/03/2020;8;Castilla La Mancha;5246;;;3018;299;539;236
28/03/2020;7;Castilla y Leon;5414;;;3160;278;380;752
28/03/2020;9;Cataluna;15025;;;8447;1080;904;1966
28/03/2020;18;Ceuta;21;;;2;2;1;0
28/03/2020;10;C. Valenciana;4784;;;2773;375;267;161
28/03/2020;11;Extremadura;1456;;;313;41;100;51
28/03/2020;12;Galicia;3139;;;1043;123;60;153
28/03/2020;13;Madrid;;34046;;14454;1429;3082;7491
28/03/2020;19;Melilla;48;;;24;2;1;0
28/03/2020;14;Murcia;872;;;260;58;20;16
28/03/2020;15;Navarra;2011;;;896;90;84;125
28/03/2020;16;Pais Vasco;5740;;;3106;271;265;1503
28/03/2020;17;La Rioja;1629;;;497;43;68;397
29/03/2020;1;Andalucia;;5398;;2671;216;236;155
29/03/2020;2;Aragon;2078;;;1094;156;106;174
29/03/2020;3;Asturias;1158;;;479;60;49;78
29/03/2020;4;Baleares;1000;;;353;80;37;100
29/03/2020;5;Canarias;1204;;;444;84;40;32
29/03/2020;6;Cantabria;1100;;;481;46;27;24
29/03/2020;8;Castilla La Mancha;5858;;;3134;302;622;252
29/03/2020;7;Castilla y Leon;5801;;;3411;307;442;871
29/03/2020;9;Cataluna;16104;;;9126;1150;983;2168
29/03/2020;18;Ceuta;25;;;2;2;1;0
29/03/2020;10;C. Valenciana;5110;;;2914;393;310;185
29/03/2020;11;Extremadura;1560;;;353;43;106;60
29/03/2020;12;Galicia;3723;;;1147;134;66;168
29/03/2020;13;Madrid;;34916;;14917;1460;3392;8301
29/03/2020;19;Melilla;51;;;27;3;1;0
29/03/2020;14;Murcia;939;;;265;58;25;17
29/03/2020;15;Navarra;2146;;;955;96;102;161
29/03/2020;16;Pais Vasco;6057;;;3427;293;297;1646
29/03/2020;17;La Rioja;1733;;;517;43;71;431
30/03/2020;1;Andalucia;;5809;;2867;235;248;160
30/03/2020;2;Aragon;2272;;;1176;165;138;204
30/03/2020;3;Asturias;1236;;;529;65;55;90
30/03/2020;4;Baleares;1069;;;399;85;42;111
30/03/2020;5;Canarias;1262;;;483;94;55;57
30/03/2020;6;Cantabria;1171;;;522;50;37;35
30/03/2020;8;Castilla La Mancha;6424;;;3225;344;708;296
30/03/2020;7;Castilla y Leon;6211;;;3629;325;516;1028
30/03/2020;9;Cataluna;18520;;;9925;1218;1216;2633
30/03/2020;18;Ceuta;34;;;3;3;1;0
30/03/2020;10;C. Valenciana;5508;;;3111;416;339;200
30/03/2020;11;Extremadura;1628;;;371;51;133;91
30/03/2020;12;Galicia;4039;;;1250;149;84;187
30/03/2020;13;Madrid;;37461;;15140;1514;3603;9330
30/03/2020;19;Melilla;54;;;27;3;1;0
30/03/2020;14;Murcia;974;;;283;59;34;20
30/03/2020;15;Navarra;2305;;;1035;99;113;192
30/03/2020;16;Pais Vasco;6320;;;3594;307;325;1796
30/03/2020;17;La Rioja;1810;;;575;51;85;496
31/03/2020;1;Andalucia;;6379;;3147;260;308;182
31/03/2020;2;Aragon;2491;;;1234;168;169;257
31/03/2020;3;Asturias;1322;;;590;76;63;109
31/03/2020;4;Baleares;1131;;;468;95;46;170
31/03/2020;5;Canarias;1380;;;532;110;62;77
31/03/2020;6;Cantabria;1213;;;543;54;54;43
31/03/2020;8;Castilla La Mancha;7047;;;3230;353;774;397
31/03/2020;7;Castilla y Leon;6847;;;3951;345;585;1259
31/03/2020;9;Cataluna;19991;;;11446;1345;1458;3077
31/03/2020;18;Ceuta;51;;;6;3;1;0
31/03/2020;10;C. Valenciana;5922;;;3253;434;395;240
31/03/2020;11;Extremadura;1679;;;372;58;152;113
31/03/2020;12;Galicia;4432;;;1338;158;103;259
31/03/2020;13;Madrid;;39258;;15227;1514;3865;10827
31/03/2020;19;Melilla;62;;;32;3;1;0
31/03/2020;14;Murcia;1041;;;304;59;37;43
31/03/2020;15;Navarra;2497;;;1120;104;130;236
31/03/2020;16;Pais Vasco;6838;;;3806;324;369;2165
31/03/2020;17;La Rioja;1960;;;619;54;90;569
01/04/2020;1;Andalucia;;6957;;3444;280;343;228
01/04/2020;2;Aragon;2700;;;1320;178;200;320
01/04/2020;3;Asturias;1384;;;640;79;69;135
01/04/2020;4;Baleares;1204;;;517;105;58;239
01/04/2020;5;Canarias;1444;;;566;113;68;94
01/04/2020;6;Cantabria;1268;;;567;57;60;60
01/04/2020;8;Castilla La Mancha;7682;;;3230;355;854;494
01/04/2020;7;Castilla y Leon;7355;;;4207;353;641;1498
01/04/2020;9;Cataluna;21804;;;12398;1415;1629;3683
01/04/2020;18;Ceuta;55;;;7;3;1;0
01/04/2020;10;C. Valenciana;6308;;;3389;449;443;432
01/04/2020;11;Extremadura;1837;;;412;62;181;139
01/04/2020;12;Galicia;4842;;;1447;165;120;333
01/04/2020;13;Madrid;;41028;;15227;1528;4175;12400
01/04/2020;19;Melilla;62;;;32;3;1;0
01/04/2020;14;Murcia;1084;;;389;68;42;45
01/04/2020;15;Navarra;2682;;;1181;108;141;278
01/04/2020;16;Pais Vasco;7317;;;4087;344;412;2490
01/04/2020;17;La Rioja;2083;;;660;57;101;641
02/04/2020;1;Andalucia;;7353;;3673;338;376;258
02/04/2020;2;Aragon;2889;;;1431;180;224;378
02/04/2020;3;Asturias;1433;;;702;86;70;154
02/04/2020;4;Baleares;1257;;;587;112;69;375
02/04/2020;5;Canarias;1490;;;605;120;73;102
02/04/2020;6;Cantabria;1321;;;592;59;64;74
02/04/2020;8;Castilla La Mancha;8523;;;3168;355;916;579
02/04/2020;7;Castilla y Leon;7875;;;4472;355;723;1759
02/04/2020;9;Cataluna;23460;;;13101;1482;1784;3876
02/04/2020;18;Ceuta;62;;;8;3;1;2
02/04/2020;10;C. Valenciana;6624;;;3492;460;511;592
02/04/2020;11;Extremadura;1893;;;415;64;200;164
02/04/2020;12;Galicia;5219;;;1630;178;138;435
02/04/2020;13;Madrid;;42836;;15050;1506;4483;13850
02/04/2020;19;Melilla;70;;;34;3;2;4
02/04/2020;14;Murcia;1145;;;405;72;46;90
02/04/2020;15;Navarra;2836;;;1284;119;151;294
02/04/2020;16;Pais Vasco;7827;;;4283;363;444;2809
02/04/2020;17;La Rioja;2224;;;738;64;109;745
03/04/2020;1;Andalucia;;7847;;3896;364;426;463
03/04/2020;2;Aragon;3078;;;1505;190;251;440
03/04/2020;3;Asturias;1522;;;766;87;76;190
03/04/2020;4;Baleares;1271;;;634;114;71;422
03/04/2020;5;Canarias;1564;;;632;128;78;123
03/04/2020;6;Cantabria;1384;;;619;60;68;99
03/04/2020;8;Castilla La Mancha;9324;;;3133;360;989;657
03/04/2020;7;Castilla y Leon;8332;;;4685;348;786;2021
03/04/2020;9;Cataluna;24734;;;14251;1569;1928;4589
03/04/2020;18;Ceuta;73;;;8;4;1;2
03/04/2020;10;C. Valenciana;6901;;;3560;470;571;695
03/04/2020;11;Extremadura;1979;;;453;64;208;205
03/04/2020;12;Galicia;5625;;;1767;178;159;531
03/04/2020;13;Madrid;;44552;;14741;1498;4723;15362
03/04/2020;19;Melilla;79;;;37;3;2;9
03/04/2020;14;Murcia;1188;;;434;79;51;113
03/04/2020;15;Navarra;2972;;;1341;120;171;311
03/04/2020;16;Pais Vasco;8187;;;4522;377;477;3098
03/04/2020;17;La Rioja;2405;;;805;64;128;843
04/04/2020;1;Andalucia;;8279;;4107;474;470;665
04/04/2020;2;Aragon;3232;;;1588;233;270;537
04/04/2020;3;Asturias;1605;;;808;90;80;216
04/04/2020;4;Baleares;1293;;;664;120;75;461
04/04/2020;5;Canarias;1622;;;644;129;80;137
04/04/2020;6;Cantabria;1441;;;639;62;68;113
04/04/2020;8;Castilla La Mancha;10031;;;2950;357;1055;1149
04/04/2020;7;Castilla y Leon;8749;;;4905;351;847;2331
04/04/2020;9;Cataluna;26032;;;14798;1653;2053;5149
04/04/2020;18;Ceuta;83;;;9;4;2;2
04/04/2020;10;C. Valenciana;7184;;;3620;478;613;812
04/04/2020;11;Extremadura;2047;;;417;66;218;215
04/04/2020;12;Galicia;5944;;;1831;170;174;587
04/04/2020;13;Madrid;;45434;;14551;1499;4941;16543
04/04/2020;19;Melilla;83;;;38;3;2;11
04/04/2020;14;Murcia;1235;;;447;80;59;130
04/04/2020;15;Navarra;3073;;;1399;123;178;334
04/04/2020;16;Pais Vasco;8628;;;4666;404;515;3405
04/04/2020;17;La Rioja;2592;;;855;66;134;904
05/04/2020;1;Andalucia;;8559;;4227;489;491;798
05/04/2020;2;Aragon;3347;;;1637;237;284;565
05/04/2020;3;Asturias;1646;;;846;90;86;222
05/04/2020;4;Baleares;1320;;;683;121;81;531
05/04/2020;5;Canarias;1649;;;651;133;85;157
05/04/2020;6;Cantabria;1483;;;658;65;77;118
05/04/2020;8;Castilla La Mancha;10602;;;2901;354;1132;1259
05/04/2020;7;Castilla y Leon;9116;;;5041;348;919;2533
05/04/2020;9;Cataluna;26824;;;15258;1685;2167;5374
05/04/2020;18;Ceuta;83;;;9;4;3;2
05/04/2020;10;C. Valenciana;7334;;;3668;487;637;930
05/04/2020;11;Extremadura;2068;;;453;66;228;223
05/04/2020;12;Galicia;6151;;;1916;170;190;610
05/04/2020;13;Madrid;;45950;;14501;1510;5136;17322
05/04/2020;19;Melilla;86;;;38;3;2;11
05/04/2020;14;Murcia;1259;;;468;81;68;156
05/04/2020;15;Navarra;3231;;;1432;124;187;380
05/04/2020;16;Pais Vasco;8810;;;4794;410;548;3568
05/04/2020;17;La Rioja;2719;;;888;66;141;964
06/04/2020;1;Andalucia;;8743;;4335;499;528;900
06/04/2020;2;Aragon;3449;;;1663;247;312;578
06/04/2020;3;Asturias;1679;;;889;91;96;244
06/04/2020;4;Baleares;1369;;;705;124;84;537
06/04/2020;5;Canarias;1725;;;689;137;89;186
06/04/2020;6;Cantabria;1501;;;677;66;85;129
06/04/2020;8;Castilla La Mancha;11077;;;2908;360;1177;1353
06/04/2020;7;Castilla y Leon;9581;;;5180;346;982;2711
06/04/2020;9;Cataluna;28323;;;15643;1740;2329;6150
06/04/2020;18;Ceuta;83;;;9;4;4;2
06/04/2020;10;C. Valenciana;7443;;;3698;492;672;1103
06/04/2020;11;Extremadura;2116;;;686;70;258;282
06/04/2020;12;Galicia;6331;;;1968;162;204;688
06/04/2020;13;Madrid;;47493;;13950;1494;5371;18410
06/04/2020;19;Melilla;92;;;40;3;2;11
06/04/2020;14;Murcia;1283;;;500;84;78;193
06/04/2020;15;Navarra;3355;;;1488;124;202;421
06/04/2020;16;Pais Vasco;9021;;;4856;417;586;3728
06/04/2020;17;La Rioja;2846;;;918;66;160;994
07/04/2020;1;Andalucia;;8973;;4463;520;605;1041
07/04/2020;2;Aragon;3549;;;1716;255;349;659
07/04/2020;3;Asturias;1705;;;958;91;102;294
07/04/2020;4;Baleares;1412;;;731;129;89;616
07/04/2020;5;Canarias;1762;;;703;138;91;249
07/04/2020;6;Cantabria;1572;;;700;69;92;175
07/04/2020;8;Castilla La Mancha;11788;;;2731;354;1255;1557
07/04/2020;7;Castilla y Leon;10058;;;5322;342;1028;2988
07/04/2020;9;Cataluna;29647;;;16235;1829;2462;7320
07/04/2020;18;Ceuta;84;;;9;4;4;7
07/04/2020;10;C. Valenciana;7655;;;3713;496;724;1344
07/04/2020;11;Extremadura;2184;;;898;98;271;328
07/04/2020;12;Galicia;6538;;;2014;158;213;800
07/04/2020;13;Madrid;;48866;;13289;1450;5586;19836
07/04/2020;19;Melilla;93;;;40;3;2;12
07/04/2020;14;Murcia;1326;;;515;86;85;203
07/04/2020;15;Navarra;3467;;;1526;124;206;450
07/04/2020;16;Pais Vasco;9452;;;4982;430;635;4151
07/04/2020;17;La Rioja;2951;;;955;68;177;1061
08/04/2020;1;Andalucia;;9234;;4599;538;652;1193
08/04/2020;2;Aragon;3685;;;1765;261;385;718
08/04/2020;3;Asturias;1737;;;1018;94;110;340
08/04/2020;4;Baleares;1448;;;751;132;89;696
08/04/2020;5;Canarias;1834;;;730;140;92;359
08/04/2020;6;Cantabria;1619;;;720;71;98;214
08/04/2020;8;Castilla La Mancha;12489;;;2575;342;1322;1766
08/04/2020;7;Castilla y Leon;10518;;;5523;338;1082;3242
08/04/2020;9;Cataluna;31043;;;16970;1946;2667;8014
08/04/2020;18;Ceuta;84;;;9;4;4;7
08/04/2020;10;C. Valenciana;7964;;;3815;541;767;1772
08/04/2020;11;Extremadura;2273;;;958;99;283;381
08/04/2020;12;Galicia;6758;;;2094;155;231;910
08/04/2020;13;Madrid;;50268;;12853;1433;5800;21121
08/04/2020;19;Melilla;93;;;40;3;2;16
08/04/2020;14;Murcia;1356;;;533;87;88;219
08/04/2020;15;Navarra;3575;;;1526;124;214;462
08/04/2020;16;Pais Vasco;9806;;;5130;433;689;4514
08/04/2020;17;La Rioja;3026;;;997;69;182;1172
09/04/2020;1;Andalucia;;9482;;4715;582;691;1437
09/04/2020;2;Aragon;3831;;;1822;263;409;797
09/04/2020;3;Asturias;1799;;;1083;100;121;372
09/04/2020;4;Baleares;1488;;;777;136;97;737
09/04/2020;5;Canarias;1858;;;738;141;94;386
09/04/2020;6;Cantabria;1659;;;747;73;102;265
09/04/2020;8;Castilla La Mancha;13063;;;2359;329;1431;1982
09/04/2020;7;Castilla y Leon;11102;;;5674;332;1129;3506
09/04/2020;9;Cataluna;31824;;;17780;1966;2787;8705
09/04/2020;18;Ceuta;91;;;9;4;4;12
09/04/2020;10;C. Valenciana;8331;;;3987;561;796;2085
09/04/2020;11;Extremadura;2332;;;1003;101;288;397
09/04/2020;12;Galicia;6946;;;2165;151;243;997
09/04/2020;13;Madrid;;51205;;12432;1399;5972;22414
09/04/2020;19;Melilla;95;;;41;3;2;17
09/04/2020;14;Murcia;1383;;;533;88;90;255
09/04/2020;15;Navarra;3748;;;1620;124;218;560
09/04/2020;16;Pais Vasco;10103;;;5290;442;729;4680
09/04/2020;17;La Rioja;3076;;;1047;71;196;1256
10/04/2020;1;Andalucia;;9682;;4808;602;737;1630
10/04/2020;2;Aragon;3969;;;1860;266;425;888
10/04/2020;3;Asturias;1827;;;1147;105;128;414
10/04/2020;4;Baleares;1507;;;778;137;102;757
10/04/2020;5;Canarias;1887;;;745;144;95;432
10/04/2020;6;Cantabria;1719;;;773;75;107;281
10/04/2020;8;Castilla La Mancha;13456;;;2198;316;1483;2205
10/04/2020;7;Castilla y Leon;11543;;;5817;327;1180;3757
10/04/2020;9;Cataluna;32984;;;18194;1989;2877;9267
10/04/2020;18;Ceuta;93;;;9;4;4;17
10/04/2020;10;C. Valenciana;8578;;;4132;565;818;2289
10/04/2020;11;Extremadura;2486;;;1052;104;303;462
10/04/2020;12;Galicia;7176;;;2215;144;261;1082
10/04/2020;13;Madrid;;52051;;11894;1376;6084;23663
10/04/2020;19;Melilla;98;;;43;3;2;18
10/04/2020;14;Murcia;1413;;;533;88;94;275
10/04/2020;15;Navarra;3817;;;1641;124;227;603
10/04/2020;16;Pais Vasco;10515;;;5402;453;765;4741
10/04/2020;17;La Rioja;3223;;;1082;73;207;1337
11/04/2020;1;Andalucia;;9976;;4950;619;799;1838
11/04/2020;2;Aragon;4070;;;1901;272;450;934
11/04/2020;3;Asturias;1892;;;1208;106;140;430
11/04/2020;4;Baleares;1534;;;805;142;112;848
11/04/2020;5;Canarias;1918;;;758;144;95;447
11/04/2020;6;Cantabria;1752;;;805;75;110;297
11/04/2020;8;Castilla La Mancha;13698;;;6838;316;1543;2365
11/04/2020;7;Castilla y Leon;12118;;;5957;323;1221;4010
11/04/2020;9;Cataluna;34027;;;18772;2018;2975;9610
11/04/2020;18;Ceuta;93;;;9;4;4;17
11/04/2020;10;C. Valenciana;8841;;;4149;567;838;2624
11/04/2020;11;Extremadura;2580;;;1074;106;312;481
11/04/2020;12;Galicia;7336;;;2306;140;274;1143
11/04/2020;13;Madrid;;52579;;11424;1332;6278;24683
11/04/2020;19;Melilla;98;;;43;3;2;18
11/04/2020;14;Murcia;1449;;;537;91;97;344
11/04/2020;15;Navarra;3969;;;1663;124;232;650
11/04/2020;16;Pais Vasco;10772;;;5547;459;804;4867
11/04/2020;17;La Rioja;3279;;;1122;73;219;1420
12/04/2020;1;Andalucia;;10063;;4993;621;815;1967
12/04/2020;2;Aragon;4187;;;1938;274;464;946
12/04/2020;3;Asturias;1958;;;1265;110;149;434
12/04/2020;4;Baleares;1550;;;811;143;117;862
12/04/2020;5;Canarias;1944;;;763;145;96;458
12/04/2020;6;Cantabria;1777;;;827;75;117;317
12/04/2020;8;Castilla La Mancha;14054;;;7782;475;1626;2532
12/04/2020;7;Castilla y Leon;12628;;;6077;312;1263;4154
12/04/2020;9;Cataluna;34726;;;18963;2084;3105;10040
12/04/2020;18;Ceuta;95;;;9;4;4;20
12/04/2020;10;C. Valenciana;9060;;;4269;576;876;2803
12/04/2020;11;Extremadura;2658;;;1096;107;321;511
12/04/2020;12;Galicia;7494;;;2344;136;284;1186
12/04/2020;13;Madrid;;52915;;11233;1327;6423;25385
12/04/2020;19;Melilla;101;;;43;3;2;18
12/04/2020;14;Murcia;1463;;;543;94;101;353
12/04/2020;15;Navarra;4092;;;1693;124;239;695
12/04/2020;16;Pais Vasco;11018;;;5622;464;831;5026
12/04/2020;17;La Rioja;3358;;;1141;73;223;1458
13/04/2020;1;Andalucia;;10171;;5054;631;836;2032
13/04/2020;2;Aragon;4245;;;1966;280;492;963
13/04/2020;3;Asturias;2051;;;1330;111;156;458
13/04/2020;4;Baleares;1571;;;826;145;118;871
13/04/2020;5;Canarias;1958;;;771;147;102;589
13/04/2020;6;Cantabria;1796;;;853;76;120;323
13/04/2020;8;Castilla La Mancha;14329;;;7830;486;1714;2943
13/04/2020;7;Castilla y Leon;13180;;;6175;308;1299;4266
13/04/2020;9;Cataluna;35197;;;19224;2102;3201;10387
13/04/2020;18;Ceuta;96;;;9;4;4;22
13/04/2020;10;C. Valenciana;9213;;;4397;581;907;3069
13/04/2020;11;Extremadura;2684;;;1114;107;334;578
13/04/2020;12;Galicia;7597;;;2403;133;290;1240
13/04/2020;13;Madrid;;53876;;10753;1299;6568;26247
13/04/2020;19;Melilla;101;;;43;3;2;18
13/04/2020;14;Murcia;1487;;;566;96;106;476
13/04/2020;15;Navarra;4150;;;1705;124;249;730
13/04/2020;16;Pais Vasco;11226;;;5679;470;859;5193
13/04/2020;17;La Rioja;3420;;;1152;74;234;1519
14/04/2020;1;Andalucia;;10394;;5147;665;865;2224
14/04/2020;2;Aragon;4338;;;2006;282;514;1012
14/04/2020;3;Asturias;2096;;;1387;114;166;487
14/04/2020;4;Baleares;1606;;;857;149;125;881
14/04/2020;5;Canarias;1975;;;781;152;104;622
14/04/2020;6;Cantabria;1823;;;873;76;132;363
14/04/2020;8;Castilla La Mancha;14680;;;7896;495;1755;2998
14/04/2020;7;Castilla y Leon;13697;;;6306;306;1337;4521
14/04/2020;9;Cataluna;36505;;;20264;2189;3453;11480
14/04/2020;18;Ceuta;98;;;9;4;4;30
14/04/2020;10;C. Valenciana;9424;;;4465;588;945;3360
14/04/2020;11;Extremadura;2762;;;1155;107;342;615
14/04/2020;12;Galicia;7708;;;2471;128;299;1298
14/04/2020;13;Madrid;;54942;;10116;1244;6724;27433
14/04/2020;19;Melilla;102;;;43;3;2;24
14/04/2020;14;Murcia;1520;;;574;97;109;513
14/04/2020;15;Navarra;4246;;;1731;124;252;808
14/04/2020;16;Pais Vasco;11475;;;5750;471;902;5428
14/04/2020;17;La Rioja;3457;;;1182;75;246;1585
15/04/2020;1;Andalucia;;10559;216;5226;671;912;2634
15/04/2020;2;Aragon;;4411;155;2108;291;543;1087
15/04/2020;3;Asturias;;2081;89;1432;116;168;522
15/04/2020;4;Baleares;1637;;;872;152;131;918
15/04/2020;5;Canarias;;1988;0;802;156;107;673
15/04/2020;6;Cantabria;1845;;;890;77;137;442
15/04/2020;8;Castilla La Mancha;15151;;;7987;503;1796;3378
15/04/2020;7;Castilla y Leon;14380;;;6449;307;1372;4725
15/04/2020;9;Cataluna;37354;;;20553;2252;3618;11961
15/04/2020;18;Ceuta;;98;2;9;4;4;41
15/04/2020;10;C. Valenciana;9615;;;4524;625;972;3702
15/04/2020;11;Extremadura;;2581;300;1186;107;359;649
15/04/2020;12;Galicia;7873;;;2494;123;310;1383
15/04/2020;13;Madrid;;55829;;9653;1206;6877;28491
15/04/2020;19;Melilla;;103;0;43;3;2;27
15/04/2020;14;Murcia;;1424;174;575;97;111;516
15/04/2020;15;Navarra;4348;;;1752;124;261;845
15/04/2020;16;Pais Vasco;11790;;;5863;478;956;5813
15/04/2020;17;La Rioja;;3539;377;1207;75;257;1654
16/04/2020;1;Andalucia;;10638;383;5298;675;940;2790
16/04/2020;2;Aragon;;4489;175;2151;240;562;1121
16/04/2020;3;Asturias;;2124;106;1474;118;174;545
16/04/2020;4;Baleares;1668;;;905;152;134;938
16/04/2020;5;Canarias;;2009;0;811;159;111;730
16/04/2020;6;Cantabria;1884;;;903;78;144;510
16/04/2020;8;Castilla La Mancha;15997;;;8018;511;1852;3600
16/04/2020;7;Castilla y Leon;14903;;;6518;297;1401;4924
16/04/2020;9;Cataluna;38316;;;21242;2305;3752;12787
16/04/2020;18;Ceuta;;98;3;9;4;4;44
16/04/2020;10;C. Valenciana;;9486;297;4605;632;999;4024
16/04/2020;11;Extremadura;;2656;363;1212;107;372;707
16/04/2020;12;Galicia;8013;;;2535;117;320;1456
16/04/2020;13;Madrid;;56660;;9141;1154;7007;29436
16/04/2020;19;Melilla;104;;;44;3;2;30
16/04/2020;14;Murcia;;1423;202;585;99;112;545
16/04/2020;15;Navarra;4433;;;1781;124;338;892
16/04/2020;16;Pais Vasco;12089;;;5939;484;992;6144
16/04/2020;17;La Rioja;;3547;551;1226;76;262;1729
17/04/2020;1;Andalucia;;10738;434;5341;677;967;2948
17/04/2020;2;Aragon;;4551;210;2180;243;601;1121
17/04/2020;3;Asturias;;2153;119;1520;119;187;575
17/04/2020;4;Baleares;;1724;24;937;157;148;958
17/04/2020;5;Canarias;;2035;0;822;160;115;785
17/04/2020;6;Cantabria;1990;;;911;78;149;534
17/04/2020;8;Castilla La Mancha;16349;;;8093;514;1913;3838
17/04/2020;7;Castilla y Leon;15293;;;6831;495;1429;5103
17/04/2020;9;Cataluna;;39943;152;22013;2349;3879;13275
17/04/2020;18;Ceuta;;100;11;9;4;4;53
17/04/2020;10;C. Valenciana;;9584;533;4708;636;1042;4306
17/04/2020;11;Extremadura;;2663;468;1240;107;380;736
17/04/2020;12;Galicia;8084;;;2554;115;334;1507
17/04/2020;13;Madrid;;57442;0;8597;1094;7132;30475
17/04/2020;19;Melilla;;104;0;44;3;2;30
17/04/2020;14;Murcia;;1430;217;611;102;115;638
17/04/2020;15;Navarra;;4349;230;1829;127;354;954
17/04/2020;16;Pais Vasco;12355;;802;6030;490;1020;6556
17/04/2020;17;La Rioja;;3583;667;1249;78;272;1777
18/04/2020;1;Andalucia;;10902;491;5424;687;993;3116
18/04/2020;2;Aragon;;4608;223;2216;246;619;1175
18/04/2020;3;Asturias;;2172;126;1571;120;196;596
18/04/2020;4;Baleares;;1740;33;955;160;155;993
18/04/2020;5;Canarias;;2047;0;825;162;119;789
18/04/2020;6;Cantabria;;1949;101;924;78;153;610
18/04/2020;8;Castilla La Mancha;;14588;2037;8137;518;1963;3963
18/04/2020;7;Castilla y Leon;;14644;977;6981;498;1458;5262
18/04/2020;9;Cataluna;;40448;152;22235;2395;3933;13691
18/04/2020;18;Ceuta;;100;12;9;4;4;59
18/04/2020;10;C. Valenciana;;9657;593;4781;643;1065;4547
18/04/2020;11;Extremadura;;2673;519;1278;107;384;767
18/04/2020;12;Galicia;8185;;;2590;112;346;1536
18/04/2020;13;Madrid;;57926;2475;8291;1123;7239;31313
18/04/2020;19;Melilla;;104;3;44;3;2;44
18/04/2020;14;Murcia;;1438;215;612;102;116;652
18/04/2020;15;Navarra;;4413;243;1843;127;369;992
18/04/2020;16;Pais Vasco;;11731;838;6086;499;1062;6972
18/04/2020;17;La Rioja;;3636;694;1268;79;277;1816
19/04/2020;1;Andalucia;;10996;527;5473;690;1013;3229
19/04/2020;2;Aragon;;4654;232;2244;248;637;1178
19/04/2020;3;Asturias;;2181;167;1599;122;200;599
19/04/2020;4;Baleares;;1749;39;963;161;157;1005
19/04/2020;5;Canarias;;2067;0;826;163;119;813
19/04/2020;6;Cantabria;;1973;110;934;78;158;626
19/04/2020;8;Castilla La Mancha;;14725;2071;8173;531;2021;4178
19/04/2020;7;Castilla y Leon;;14781;1076;7080;501;1493;5366
19/04/2020;9;Cataluna;;41676;1027;22375;2409;4009;13934
19/04/2020;18;Ceuta;;100;14;9;4;4;74
19/04/2020;10;C. Valenciana;;9708;631;4827;646;1079;4629
19/04/2020;11;Extremadura;;2692;551;1306;107;389;858
19/04/2020;12;Galicia;8299;;;2609;108;352;1548
19/04/2020;13;Madrid;;58132;2663;8191;1111;7351;31762
19/04/2020;19;Melilla;;104;5;44;3;2;46
19/04/2020;14;Murcia;;1440;219;612;103;117;662
19/04/2020;15;Navarra;;4449;286;1856;128;385;1123
19/04/2020;16;Pais Vasco;;11789;839;6109;501;1081;7124
19/04/2020;17;La Rioja;;3664;707;1282;79;285;1833
20/04/2020;1;Andalucia;;11104;553;5509;692;1017;3411
20/04/2020;2;Aragon;;4684;254;2271;250;643;1182
20/04/2020;3;Asturias;;2192;173;1626;122;202;616
20/04/2020;4;Baleares;;1767;41;986;161;161;1005
20/04/2020;5;Canarias;;2085;0;837;164;120;878
20/04/2020;6;Cantabria;;1998;110;948;78;165;646
20/04/2020;8;Castilla La Mancha;;14936;2109;8199;534;2075;4242
20/04/2020;7;Castilla y Leon;;14951;1308;7174;503;1521;5429
20/04/2020;9;Cataluna;;43112;1027;22796;2437;4152;14446
20/04/2020;18;Ceuta;;100;14;9;4;4;73
20/04/2020;10;C. Valenciana;;9750;649;4866;648;1089;4719
20/04/2020;11;Extremadura;;2692;551;1327;107;397;921
20/04/2020;12;Galicia;8468;;;2652;101;360;1588
20/04/2020;13;Madrid;;58734;2672;7930;1076;7460;32277
20/04/2020;19;Melilla;;105;5;44;3;2;46
20/04/2020;14;Murcia;;1445;251;614;104;120;702
20/04/2020;15;Navarra;;4475;356;1877;128;397;1190
20/04/2020;16;Pais Vasco;;11843;967;6141;507;1103;7277
20/04/2020;17;La Rioja;;3684;799;1297;81;294;1866
21/04/2020;1;Andalucia;;11235;654;5565;696;1050;3569
21/04/2020;2;Aragon;;4761;293;2304;252;656;1530
21/04/2020;3;Asturias;;2218;201;1665;128;211;642
21/04/2020;4;Baleares;;1788;48;1005;166;164;1017
21/04/2020;5;Canarias;;2094;0;841;164;121;927
21/04/2020;6;Cantabria;;2012;148;956;78;167;718
21/04/2020;8;Castilla La Mancha;;15053;2268;8243;537;2140;4337
21/04/2020;7;Castilla y Leon;;15141;1698;7264;505;1554;5614
21/04/2020;9;Cataluna;;43802;1027;23295;2460;4247;15089
21/04/2020;18;Ceuta;;100;24;9;4;4;76
21/04/2020;10;C. Valenciana;;9825;746;4896;649;1106;5011
21/04/2020;11;Extremadura;;2692;551;1349;107;404;1051
21/04/2020;12;Galicia;8634;;;2674;96;368;1625
21/04/2020;13;Madrid;;59317;2954;7464;1024;7577;33032
21/04/2020;19;Melilla;;105;6;44;3;2;50
21/04/2020;14;Murcia;;1455;262;622;104;123;761
21/04/2020;15;Navarra;;4531;427;1894;128;401;1316
21/04/2020;16;Pais Vasco;;11974;1070;6201;513;1124;7651
21/04/2020;17;La Rioja;;3704;882;1318;81;298;1899
22/04/2020;1;Andalucia;;11368;837;5616;702;1079;3847
22/04/2020;2;Aragon;;4833;404;2340;253;681;1680
22/04/2020;3;Asturias;;2229;224;1705;130;223;665
22/04/2020;4;Baleares;;1807;54;1022;167;168;1047
22/04/2020;5;Canarias;;2113;0;855;169;121;969
22/04/2020;6;Cantabria;;2023;183;965;78;173;850
22/04/2020;8;Castilla La Mancha;;15128;2429;8304;546;2188;4577
22/04/2020;7;Castilla y Leon;;15510;1892;7397;508;1582;5777
22/04/2020;9;Cataluna;;44892;1027;23647;2478;4343;15477
22/04/2020;18;Ceuta;;100;24;9;4;4;76
22/04/2020;10;C. Valenciana;;9869;866;4917;650;1124;5388
22/04/2020;11;Extremadura;;2715;651;1375;107;407;1237
22/04/2020;12;Galicia;8805;;;2694;92;375;1676
22/04/2020;13;Madrid;;59988;3393;7077;981;7684;33645
22/04/2020;19;Melilla;;106;7;44;3;2;55
22/04/2020;14;Murcia;;1460;261;624;104;124;766
22/04/2020;15;Navarra;;4577;486;1907;129;409;1445
22/04/2020;16;Pais Vasco;;12094;1342;6260;516;1167;8136
22/04/2020;17;La Rioja;;3741;986;1331;82;303;1937
23/04/2020;1;Andalucia;;11500;963;5675;714;1107;3992
23/04/2020;2;Aragon;;4867;428;2359;254;695;1781
23/04/2020;3;Asturias;;2234;275;1728;131;231;688
23/04/2020;4;Baleares;;1821;57;1040;166;172;1081
23/04/2020;5;Canarias;;2140;0;868;169;128;1017
23/04/2020;6;Cantabria;;2055;189;978;78;178;913
23/04/2020;8;Castilla La Mancha;;15365;2688;8342;553;2255;4782
23/04/2020;7;Castilla y Leon;;15692;2084;7506;510;1612;5943
23/04/2020;9;Cataluna;;45544;1027;24130;2569;4393;16138
23/04/2020;18;Ceuta;;100;25;10;4;4;84
23/04/2020;10;C. Valenciana;;9939;967;4945;651;1147;5809
23/04/2020;11;Extremadura;;2718;685;1413;107;411;1358
23/04/2020;12;Galicia;8932;;;2707;87;382;1730
23/04/2020;13;Madrid;;60404;3535;6601;949;7765;34212
23/04/2020;19;Melilla;;107;9;44;3;2;61
23/04/2020;14;Murcia;;1468;273;625;105;125;791
23/04/2020;15;Navarra;;4581;599;1915;129;417;1552
23/04/2020;16;Pais Vasco;;12204;1576;6315;518;1193;8459
23/04/2020;17;La Rioja;;3790;1075;1344;82;307;1964
24/04/2020;1;Andalucia;;11663;1129;5715;717;1131;4295
24/04/2020;2;Aragon;;4922;460;2372;255;709;1929
24/04/2020;3;Asturias;;2238;308;1760;132;239;716
24/04/2020;4;Baleares;;1847;60;1058;166;174;1102
24/04/2020;5;Canarias;;2155;0;878;171;130;1036
24/04/2020;6;Cantabria;;2071;244;982;78;182;1046
24/04/2020;8;Castilla La Mancha;;15509;3016;8385;559;2292;4876
24/04/2020;7;Castilla y Leon;;15990;2269;7555;511;1639;6033
24/04/2020;9;Cataluna;;46261;1027;24130;2576;4498;16753
24/04/2020;18;Ceuta;;100;25;10;4;4;98
24/04/2020;10;C. Valenciana;;10066;1057;4978;653;1172;6033
24/04/2020;11;Extremadura;;2718;740;1447;107;416;1510
24/04/2020;12;Galicia;9116;;;2722;90;388;1783
24/04/2020;13;Madrid;;60912;3691;6183;892;7848;34902
24/04/2020;19;Melilla;;108;10;44;3;2;77
24/04/2020;14;Murcia;;1468;288;625;105;126;842
24/04/2020;15;Navarra;;4627;647;1937;129;429;1737
24/04/2020;16;Pais Vasco;;12366;1766;6375;525;1212;8941
24/04/2020;17;La Rioja;;3821;1125;1360;83;311;1999
25/04/2020;1;Andalucia;;11731;1260;5747;716;1145;4741
25/04/2020;2;Aragon;;4955;501;2395;257;712;1960
25/04/2020;3;Asturias;;2249;352;1790;134;249;749
25/04/2020;4;Baleares;;1854;63;1062;166;175;1123
25/04/2020;5;Canarias;;2167;0;880;171;131;1048
25/04/2020;6;Cantabria;;2083;247;991;78;183;1127
25/04/2020;8;Castilla La Mancha;;15609;3386;8417;565;2330;5196
25/04/2020;7;Castilla y Leon;;16222;2462;7653;515;1666;6208
25/04/2020;9;Cataluna;;46811;1027;25665;2583;4566;17006
25/04/2020;18;Ceuta;;100;31;10;4;4;104
25/04/2020;10;C. Valenciana;;10160;1212;5013;654;1186;6243
25/04/2020;11;Extremadura;;2736;729;1480;107;422;1582
25/04/2020;12;Galicia;9176;;;2735;85;394;1803
25/04/2020;13;Madrid;;61139;3691;5892;873;7922;35367
25/04/2020;19;Melilla;;110;11;44;3;2;81
25/04/2020;14;Murcia;;1474;297;627;106;127;920
25/04/2020;15;Navarra;;4712;740;1942;129;431;1835
25/04/2020;16;Pais Vasco;;12455;1860;6426;533;1230;9602
25/04/2020;17;La Rioja;;3861;1137;1380;84;315;2037
26/04/2020;1;Andalucia;;11807;1321;5767;720;1157;4890
26/04/2020;2;Aragon;;4985;519;2403;257;726;2010
26/04/2020;3;Asturias;;2254;423;1814;137;253;759
26/04/2020;4;Baleares;;1859;63;1062;166;179;1136
26/04/2020;5;Canarias;;2178;0;881;171;131;1047
26/04/2020;6;Cantabria;;2104;246;995;78;186;1241
26/04/2020;8;Castilla La Mancha;;15664;3622;8444;579;2365;5282
26/04/2020;7;Castilla y Leon;;16404;2624;7703;518;1690;6272
26/04/2020;9;Cataluna;;47755;1027;25799;2724;4699;17897
26/04/2020;18;Ceuta;;100;31;10;4;4;107
26/04/2020;10;C. Valenciana;;10180;1232;5032;656;1189;6317
26/04/2020;11;Extremadura;;2749;731;1490;107;428;1652
26/04/2020;12;Galicia;9238;;;2746;83;405;1816
26/04/2020;13;Madrid;;61267;4022;39472;3309;7986;35565
26/04/2020;19;Melilla;;110;11;44;3;2;87
26/04/2020;14;Murcia;;1474;297;627;106;128;990
26/04/2020;15;Navarra;;4733;753;1942;130;432;1918
26/04/2020;16;Pais Vasco;;12513;1899;6457;538;1241;9840
26/04/2020;17;La Rioja;;3892;1149;1392;85;320;2049
27/04/2020;1;Andalucia;;11859;1359;5792;721;1168;5039
27/04/2020;2;Aragon;;5004;553;2425;258;735;2081
27/04/2020;3;Asturias;;2255;433;1843;137;261;780
27/04/2020;4;Baleares;;1870;70;1074;166;181;1166
27/04/2020;5;Canarias;;2187;0;900;174;133;1075
27/04/2020;6;Cantabria;;2115;271;1000;78;188;1290
27/04/2020;8;Castilla La Mancha;;15706;3812;8464;584;2396;5306
27/04/2020;7;Castilla y Leon;;16589;2783;7777;522;1710;6323
27/04/2020;9;Cataluna;;48158;1027;26230;2750;4808;18319
27/04/2020;18;Ceuta;;100;34;10;4;4;110
27/04/2020;10;C. Valenciana;;10204;1454;5046;659;1200;6423
27/04/2020;11;Extremadura;;2751;736;1505;107;433;1733
27/04/2020;12;Galicia;9328;;;2758;73;412;1841
27/04/2020;13;Madrid;;61844;4205;39634;3338;8048;35841
27/04/2020;19;Melilla;;114;11;44;3;2;92
27/04/2020;14;Murcia;;1475;318;629;106;130;1113
27/04/2020;15;Navarra;;4759;871;1945;130;432;1978
27/04/2020;16;Pais Vasco;;12564;2240;6482;539;1255;9974
27/04/2020;17;La Rioja;;3897;1200;1400;87;326;2064
28/04/2020;1;Andalucia;;11941;1528;5831;722;1188;5272
28/04/2020;2;Aragon;;5042;610;2454;258;736;2189
28/04/2020;3;Asturias;;2266;531;1886;137;266;809
28/04/2020;4;Baleares;;1879;71;1079;166;185;1196
28/04/2020;5;Canarias;;2202;0;906;175;134;1107
28/04/2020;6;Cantabria;;2146;293;1006;79;191;1372
28/04/2020;8;Castilla La Mancha;;15785;4010;8523;588;2436;5382
28/04/2020;7;Castilla y Leon;;16690;3161;7854;524;1736;6448
28/04/2020;9;Cataluna;;48654;1027;26546;2768;4905;19060
28/04/2020;18;Ceuta;;101;38;10;4;4;114
28/04/2020;10;C. Valenciana;;10236;1580;5072;662;1218;6599
28/04/2020;11;Extremadura;;2764;749;1526;107;440;1797
28/04/2020;12;Galicia;9466;8675;791;2736;308;547;5393
28/04/2020;13;Madrid;;62304;4381;39850;3355;8105;36314
28/04/2020;19;Melilla;;114;11;44;3;2;95
28/04/2020;14;Murcia;;1480;360;635;106;130;1153
28/04/2020;15;Navarra;;4794;1090;1951;130;448;2082
28/04/2020;16;Pais Vasco;;12619;2519;6522;540;1274;10474
28/04/2020;17;La Rioja;;3910;1263;1413;87;330;2091
29/04/2020;1;Andalucia;;11981;1675;5873;721;1207;5710
29/04/2020;2;Aragon;;5091;880;2477;258;739;2291
29/04/2020;3;Asturias;;2283;545;1915;137;273;835
29/04/2020;4;Baleares;;1883;72;1082;167;188;1219
29/04/2020;5;Canarias;;2205;0;909;175;135;1131
29/04/2020;6;Cantabria;;2173;332;1007;79;191;1483
29/04/2020;8;Castilla La Mancha;;15832;4239;8567;592;2463;5512
29/04/2020;7;Castilla y Leon;;16885;3427;7957;528;1752;6569
29/04/2020;9;Cataluna;;48916;1027;26763;2784;4975;19615
29/04/2020;18;Ceuta;;101;45;10;4;4;126
29/04/2020;10;C. Valenciana;;10331;1727;5096;663;1236;6886
29/04/2020;11;Extremadura;;2785;753;1550;108;446;1887
29/04/2020;12;Galicia;;8697;848;2747;310;547;5573
29/04/2020;13;Madrid;;62638;4488;40076;3377;8176;36707
29/04/2020;19;Melilla;;114;11;44;3;2;96
29/04/2020;14;Murcia;;1486;408;637;108;130;1202
29/04/2020;15;Navarra;;4815;1325;1965;132;451;2113
29/04/2020;16;Pais Vasco;;12701;2818;6561;541;1296;10936
29/04/2020;17;La Rioja;;3918;1288;1424;88;332;2159
30/04/2020;1;Andalucia;;12094;1820;5935;729;1238;6334
30/04/2020;2;Aragon;;5116;987;2494;260;749;2382
30/04/2020;3;Asturias;;2298;555;1938;140;273;860
30/04/2020;4;Baleares;;1894;76;1090;167;193;1245
30/04/2020;5;Canarias;;2206;0;914;175;136;1151
30/04/2020;6;Cantabria;;2184;363;1009;79;192;1509
30/04/2020;8;Castilla La Mancha;;15910;4606;8618;596;2498;5615
30/04/2020;7;Castilla y Leon;;16993;3746;8010;531;1770;6686
30/04/2020;9;Cataluna;;49307;1027;26932;2795;5061;19640
30/04/2020;18;Ceuta;;101;50;10;4;4;138
30/04/2020;10;C. Valenciana;;10347;1862;5126;694;1245;7078
30/04/2020;11;Extremadura;;2811;819;1565;108;451;1960
30/04/2020;12;Galicia;;8848;848;2759;313;555;5816
30/04/2020;13;Madrid;;62896;4609;40293;3392;8222;37154
30/04/2020;19;Melilla;;115;11;44;3;2;96
30/04/2020;14;Murcia;;1488;472;638;109;132;1229
30/04/2020;15;Navarra;;4848;1489;1977;132;458;2185
30/04/2020;16;Pais Vasco;;12824;3145;6607;544;1312;11380
30/04/2020;17;La Rioja;;3936;1290;1433;88;333;2220
01/05/2020;1;Andalucia;;12140;2023;5961;735;1253;6821
01/05/2020;2;Aragon;;5136;1028;2503;260;761;2474
01/05/2020;3;Asturias;;2303;561;1974;141;279;890
01/05/2020;4;Baleares;;1902;82;1094;167;197;1268
01/05/2020;5;Canarias;;2212;0;918;175;140;1149
01/05/2020;6;Cantabria;;2201;376;1009;79;193;1551
01/05/2020;8;Castilla La Mancha;;15967;5056;8645;601;2534;5702
01/05/2020;7;Castilla y Leon;;17165;3834;8054;531;1788;6813
01/05/2020;9;Cataluna;;49850;1027;27049;2811;5137;19913
01/05/2020;18;Ceuta;;101;51;10;4;4;140
01/05/2020;10;C. Valenciana;;10411;2103;5153;695;1258;7287
01/05/2020;11;Extremadura;;2824;866;1592;108;458;2017
01/05/2020;12;Galicia;;8902;848;2769;313;557;5981
01/05/2020;13;Madrid;;63010;4609;40457;3404;8292;37530
01/05/2020;19;Melilla;;115;11;44;3;2;96
01/05/2020;14;Murcia;;1491;475;639;110;132;1251
01/05/2020;15;Navarra;;4888;1523;1979;132;460;2281
01/05/2020;16;Pais Vasco;;12887;3232;6659;551;1321;11805
01/05/2020;17;La Rioja;;3947;1292;1439;88;334;2279
02/05/2020;1;Andalucia;;12175;2112;5961;736;1256;6897
02/05/2020;2;Aragon;;5164;1044;2519;260;761;2558
02/05/2020;3;Asturias;;2305;579;1995;142;280;908
02/05/2020;4;Baleares;;1908;82;1099;167;197;1284
02/05/2020;5;Canarias;;2221;0;919;175;140;1150
02/05/2020;6;Cantabria;;2205;384;1010;79;195;1616
02/05/2020;8;Castilla La Mancha;;16017;5273;8676;604;2565;5772
02/05/2020;7;Castilla y Leon;;17283;3946;8085;533;1800;6856
02/05/2020;9;Cataluna;;50234;1027;27257;2844;5185;20332
02/05/2020;18;Ceuta;;101;51;10;4;4;141
02/05/2020;10;C. Valenciana;;10436;2250;5181;698;1264;7447
02/05/2020;11;Extremadura;;2844;868;1603;108;460;2072
02/05/2020;12;Galicia;;8967;848;2774;315;563;6075
02/05/2020;13;Madrid;;63121;4609;40597;3421;8332;37704
02/05/2020;19;Melilla;;117;12;44;3;2;98
02/05/2020;14;Murcia;;1492;482;641;110;134;1260
02/05/2020;15;Navarra;;4902;1525;1986;133;462;2411
02/05/2020;16;Pais Vasco;;12938;3259;6692;553;1329;12024
02/05/2020;17;La Rioja;;3952;1295;1446;88;335;2297
03/05/2020;1;Andalucia;;12194;2155;5973;738;1263;7021
03/05/2020;2;Aragon;;5188;1051;2526;260;762;2624
03/05/2020;3;Asturias;;2306;685;2014;142;284;917
03/05/2020;4;Baleares;;1908;83;1102;167;197;1294
03/05/2020;5;Canarias;;2225;0;919;175;141;1166
03/05/2020;6;Cantabria;;2206;390;1011;79;197;1610
03/05/2020;8;Castilla La Mancha;;16050;5461;8698;606;2590;5794
03/05/2020;7;Castilla y Leon;;17334;4045;8123;534;1818;6900
03/05/2020;9;Cataluna;;50366;1027;27321;2847;5220;21898
03/05/2020;18;Ceuta;;101;51;10;4;4;142
03/05/2020;10;C. Valenciana;;10436;2383;5204;700;1269;7506
03/05/2020;11;Extremadura;;2849;873;1618;108;460;2090
03/05/2020;12;Galicia;;9011;848;2782;315;569;6234
03/05/2020;13;Madrid;;63229;4609;40741;3431;8376;37808
03/05/2020;19;Melilla;;119;12;44;3;2;101
03/05/2020;14;Murcia;;1492;482;645;110;134;1277
03/05/2020;15;Navarra;;4918;1529;1990;133;466;2494
03/05/2020;16;Pais Vasco;;12952;3294;6719;554;1341;12155
03/05/2020;17;La Rioja;;3961;1297;1449;88;335;2312
04/05/2020;1;Andalucia;;12210;2184;5983;738;1267;7230
04/05/2020;2;Aragon;;5207;1075;2539;260;770;2704
04/05/2020;3;Asturias;;2308;733;2046;142;284;936
04/05/2020;4;Baleares;;1910;87;1110;168;198;1307
04/05/2020;5;Canarias;;2231;0;920;176;142;1190
04/05/2020;6;Cantabria;;2207;400;1015;79;198;1658
04/05/2020;8;Castilla La Mancha;;16080;5576;8725;609;2616;5824
04/05/2020;7;Castilla y Leon;;17429;4290;8153;537;1832;6935
04/05/2020;9;Cataluna;;50771;1027;27745;2856;5270;22553
04/05/2020;18;Ceuta;;101;54;10;4;4;145
04/05/2020;10;C. Valenciana;;10500;2383;5214;701;1279;7655
04/05/2020;11;Extremadura;;2852;876;1629;108;462;2146
04/05/2020;12;Galicia;;9051;902;2792;317;573;6561
04/05/2020;13;Madrid;;63509;4689;40851;3442;8420;38002
04/05/2020;19;Melilla;;119;12;44;3;2;101
04/05/2020;14;Murcia;;1496;555;650;111;136;1381
04/05/2020;15;Navarra;;4936;1625;1995;134;471;2562
04/05/2020;16;Pais Vasco;;12965;3461;6736;556;1353;12251
04/05/2020;17;La Rioja;;3967;1303;1452;90;336;2345
05/05/2020;1;Andalucia;;12236;2403;6012;740;1281;7679
05/05/2020;2;Aragon;;5231;1151;2552;260;788;2790
05/05/2020;3;Asturias;;2310;763;2081;142;287;953
05/05/2020;4;Baleares;;1921;92;1122;168;199;1321
05/05/2020;5;Canarias;;2231;0;920;176;143;1223
05/05/2020;6;Cantabria;;2213;413;1018;79;199;1696
05/05/2020;8;Castilla La Mancha;;16144;6022;8765;612;2647;5862
05/05/2020;7;Castilla y Leon;;17520;4636;8246;538;1847;7036
05/05/2020;9;Cataluna;;50924;1166;28085;2871;5345;22881
05/05/2020;18;Ceuta;;109;55;10;4;4;150
05/05/2020;10;C. Valenciana;;10537;2527;5225;701;1291;7747
05/05/2020;11;Extremadura;;2865;881;1650;108;463;2189
05/05/2020;12;Galicia;;9097;1095;2811;319;582;6802
05/05/2020;13;Madrid;;63784;4689;41031;3465;8466;38331
05/05/2020;19;Melilla;;119;12;44;3;2;104
05/05/2020;14;Murcia;;1498;635;650;111;136;1465
05/05/2020;15;Navarra;;4966;1804;2005;135;476;2628
05/05/2020;16;Pais Vasco;;13008;3671;6781;559;1364;12749
05/05/2020;17;La Rioja;;3980;1342;1458;91;337;2396
06/05/2020;1;Andalucia;;12268;2602;6027;744;1294;8076
06/05/2020;2;Aragon;;5258;1258;2564;262;800;2880
06/05/2020;3;Asturias;;2326;773;2117;143;292;971
06/05/2020;4;Baleares;;1929;94;1132;169;201;1345
06/05/2020;5;Canarias;;2235;0;921;176;144;1258
06/05/2020;6;Cantabria;;2220;422;1020;79;200;1758
06/05/2020;8;Castilla La Mancha;;16184;6383;8796;613;2677;5895
06/05/2020;7;Castilla y Leon;;17625;4912;8300;541;1864;7149
06/05/2020;9;Cataluna;;51190;1315;28248;2891;5394;23231
06/05/2020;18;Ceuta;;109;56;10;4;4;150
06/05/2020;10;C. Valenciana;;10592;2719;5252;704;1303;8010
06/05/2020;11;Extremadura;;2877;931;1664;108;467;2265
06/05/2020;12;Galicia;;9134;1158;2833;320;586;6959
06/05/2020;13;Madrid;;63870;4792;41159;3485;8504;38670
06/05/2020;19;Melilla;;119;13;44;3;2;108
06/05/2020;14;Murcia;;1501;691;652;111;137;1527
06/05/2020;15;Navarra;;4983;2027;2015;135;480;2732
06/05/2020;16;Pais Vasco;;13041;3918;6797;561;1383;13070
06/05/2020;17;La Rioja;;3986;1344;1463;91;338;2457
